vocab,hidden,dtype,k,density,dense_median_ms,prepacked_median_ms,dynamic_median_ms,prepacked_speedup,dynamic_speedup
262144,4096,float16,1024,0.00390625,9.384367942810059,0.03057599999010563,0.051263999193906784,306.9194121483135,183.05961474666768
262144,4096,float16,4096,0.015625,9.384367942810059,0.1003199964761734,0.25832000374794006,93.54434083377288,36.328460075306474
262144,4096,float16,16384,0.0625,9.384367942810059,0.3742559999227524,1.1302399635314941,25.07472944921931,8.302987193523142
262144,4096,float16,32768,0.125,9.384367942810059,0.7413439750671387,3.8163520097732544,12.658587994810611,2.4589890866402606
262144,4096,float16,49152,0.1875,9.384367942810059,1.846176028251648,3.4896960258483887,5.0831382269095835,2.689164865162891
262144,4096,float16,65536,0.25,9.384367942810059,1.513040006160736,4.677600145339966,6.20232637907733,2.0062356018521985
262144,4096,float16,98304,0.375,9.384367942810059,2.176111936569214,6.9462878704071045,4.31244725287668,1.3509903588634407
262144,4096,float16,131072,0.5,9.384367942810059,3.153887987136841,9.84500789642334,2.97549183137901,0.9532108091268642
262144,4096,float16,196608,0.75,9.384367942810059,4.398591995239258,234.7128143310547,2.133493616358842,0.03998234169513096
262144,4096,float16,245760,0.9375,9.384367942810059,166.2804183959961,434.1792907714844,0.05643699981835039,0.02161403858331236
